<?xml version="1.0"?>
<doc>
    <assembly>
        <name>XenoUI</name>
    </assembly>
    <members>
        <member name="T:XenoUI.App">
            <summary>
            Interaction logic for App.xaml
            </summary>
            <summary>
            App
            </summary>
        </member>
        <member name="M:XenoUI.App.InitializeComponent">
            <summary>
            InitializeComponent
            </summary>
        </member>
        <member name="M:XenoUI.App.Main">
            <summary>
            Application Entry Point.
            </summary>
        </member>
        <member name="T:XenoUI.ClientsWindow">
            <summary>
            ClientsWindow
            </summary>
        </member>
        <member name="M:XenoUI.ClientsWindow.InitializeComponent">
            <summary>
            InitializeComponent
            </summary>
        </member>
        <member name="T:XenoUI.MainWindow">
            <summary>
            MainWindow
            </summary>
        </member>
        <member name="M:XenoUI.MainWindow.InitializeComponent">
            <summary>
            InitializeComponent
            </summary>
        </member>
        <member name="T:XenoUI.ScriptsWindow">
            <summary>
            ScriptsWindow
            </summary>
        </member>
        <member name="M:XenoUI.ScriptsWindow.InitializeComponent">
            <summary>
            InitializeComponent
            </summary>
        </member>
    </members>
</doc>
